SNP,beta,se,pval,effect_allele,other_allele,Phenotype,eaf,gene
rs10006327,0.0364,0.0067,4.42E-08,C,T,atrial fibrillation,0.4902,SLC9B1
rs10213171,0.091,0.0134,1.32E-11,G,C,atrial fibrillation,0.0609,ARHGAP10
rs10458660,0.0537,0.0087,6.78E-10,G,A,atrial fibrillation,0.1726,C10orf11
rs10741807,-0.0729,0.0079,1.59E-20,C,T,atrial fibrillation,0.7551,NAV2
rs10749053,-0.0555,0.0097,1.05E-08,C,T,atrial fibrillation,0.8416,RBM20
rs10753933,-0.0609,0.0067,9.84E-20,G,T,atrial fibrillation,0.5518,PPFIA4
rs10773657,-0.0575,0.0103,2.54E-08,A,C,atrial fibrillation,0.862,HIP1R
rs10804493,0.0558,0.007,1.63E-15,A,G,atrial fibrillation,0.6505,"PHLDB2,PLCXD2"
rs10821415,0.0821,0.0067,2.92E-34,A,C,atrial fibrillation,0.4132,C9orf3
rs10873298,-0.0401,0.0069,7.07E-09,T,C,atrial fibrillation,0.6337,IRF2BPL
rs11125871,-0.0394,0.0068,6.42E-09,T,C,atrial fibrillation,0.3947,USP34
rs11156751,0.0719,0.0077,6.94E-21,C,T,atrial fibrillation,0.2853,AKAP6
rs11264280,0.1347,0.0071,3.07E-79,T,C,atrial fibrillation,0.333,KCNN3
rs11590635,0.1456,0.0248,4.12E-09,A,G,atrial fibrillation,0.0243,AGBL4
rs11598047,0.1537,0.009,8.95E-66,G,A,atrial fibrillation,0.1621,NEURL1
rs11658278,-0.0443,0.0067,3.46E-11,C,T,atrial fibrillation,0.5208,"ZPBP2,GSDMB,ORMDL3"
rs11773845,0.1054,0.0067,2.39E-55,A,C,atrial fibrillation,0.5856,"CAV1,CAV2"
rs117984853,0.1228,0.012,1.34E-24,T,G,atrial fibrillation,0.1013,UST
rs12188351,0.0865,0.0145,2.52E-09,A,G,atrial fibrillation,0.0564,SLIT3
rs12245149,-0.047,0.0067,1.66E-12,A,C,atrial fibrillation,0.4739,"REEP3,NRBF2"
rs12426679,-0.0391,0.0067,4.95E-09,T,C,atrial fibrillation,0.5278,PHLDA1
rs12604076,-0.0365,0.0066,3.63E-08,C,T,atrial fibrillation,0.5223,"CYTH1,USP36"
rs12648245,-0.0926,0.0127,3.45E-13,C,T,atrial fibrillation,0.0762,"HAND2,HAND2-AS1"
rs1278493,-0.0389,0.0068,8.77E-09,A,G,atrial fibrillation,0.5645,PPP2R3A
rs12809354,0.0718,0.0094,2.89E-14,C,T,atrial fibrillation,0.144,PKP2
rs12908004,0.0732,0.009,4.12E-16,G,A,atrial fibrillation,0.1637,ARNT2
rs13195459,-0.0623,0.007,4.15E-19,A,G,atrial fibrillation,0.3615,HSF2
rs133902,0.0419,0.0068,9.14E-10,T,C,atrial fibrillation,0.4268,MYO18B
rs140185678,0.1659,0.0218,2.43E-14,A,G,atrial fibrillation,0.0351,RPL3L
rs1458038,0.0434,0.0072,1.74E-09,T,C,atrial fibrillation,0.3087,FGF5
rs146518726,0.1605,0.0207,8.27E-15,A,G,atrial fibrillation,0.0328,MIR6500
rs147301839,0.3328,0.0523,1.93E-10,C,A,atrial fibrillation,0.0074,GCOM1/MYZAP
rs1545300,-0.0558,0.0073,1.48E-14,T,C,atrial fibrillation,0.3091,KCND3
rs1563304,0.0644,0.0092,2.56E-12,T,C,atrial fibrillation,0.178,WNT3
rs17005647,0.0413,0.0069,2.70E-09,T,C,atrial fibrillation,0.3643,FRMD4B
rs17380837,-0.0501,0.0072,4.80E-12,T,C,atrial fibrillation,0.307,SSPN
rs2012809,0.0582,0.0094,4.92E-10,G,A,atrial fibrillation,0.7898,SLC27A6
rs2031522,-0.0436,0.0068,1.47E-10,G,A,atrial fibrillation,0.3764,CGA
rs2040862,0.1084,0.0087,1.08E-35,T,C,atrial fibrillation,0.1775,"WNT8A,NPY6R,MYOT,FAM13B"
rs2274115,0.0487,0.0076,1.69E-10,G,A,atrial fibrillation,0.7003,LHX3
rs2288327,0.0919,0.0089,7.26E-25,G,A,atrial fibrillation,0.1564,"TTN,MIR548N,FKBP7,TTN-AS1"
rs2359171,0.1746,0.0086,4.65E-91,A,T,atrial fibrillation,0.176,ZFHX3
rs2540949,-0.0659,0.0068,2.95E-22,T,A,atrial fibrillation,0.3847,CEP68
rs2738413,-0.0778,0.0067,2.55E-31,G,A,atrial fibrillation,0.5049,"SYNE2,MIR548AZ,ESR2,MTHFD1"
rs2834618,-0.0944,0.0112,3.41E-17,G,T,atrial fibrillation,0.1056,LINC01426
rs28387148,0.0741,0.0113,6.25E-11,T,C,atrial fibrillation,0.1051,GYPC
rs284277,-0.0422,0.0069,1.25E-09,A,C,atrial fibrillation,0.6174,CASZ1
rs2860482,-0.054,0.0076,1.21E-12,C,A,atrial fibrillation,0.726,NACA
rs2885697,-0.0439,0.007,2.88E-10,T,G,atrial fibrillation,0.6482,SCMH1
rs3176326,-0.0626,0.0085,1.42E-13,A,G,atrial fibrillation,0.1982,"CDKN1A,PANDAR,PI16"
rs337705,0.0564,0.0068,1.63E-16,G,T,atrial fibrillation,0.3749,KCNN2
rs34080181,-0.0446,0.0069,1.28E-10,A,G,atrial fibrillation,0.379,"LRIG1,SLC25A26"
rs34969716,0.0702,0.0078,1.60E-19,A,G,atrial fibrillation,0.3051,"KDM1B,DEK"
rs35005436,0.0612,0.0097,3.34E-10,C,T,atrial fibrillation,0.1551,"GTF2I,LOC101926943,GTF2IRD2"
rs35544454,-0.0589,0.0087,1.10E-11,T,A,atrial fibrillation,0.1918,ERBB4
rs35569628,-0.0452,0.008,1.38E-08,C,T,atrial fibrillation,0.223,CUL4A
rs35620480,0.054,0.0092,5.15E-09,C,A,atrial fibrillation,0.1567,GATA4
rs3820888,0.0684,0.0068,5.75E-24,C,T,atrial fibrillation,0.3921,SPATS2L
rs3951016,0.0648,0.0067,2.15E-22,A,T,atrial fibrillation,0.459,"SLC35F1,PLN"
rs4073778,0.0486,0.0067,4.96E-13,A,C,atrial fibrillation,0.5639,CASQ2
rs422068,0.0439,0.007,3.87E-10,C,T,atrial fibrillation,0.3489,"MYH6,MYH7"
rs464901,-0.0508,0.0072,1.53E-12,C,T,atrial fibrillation,0.3353,TUBA8
rs4935786,-0.0463,0.0079,4.85E-09,A,T,atrial fibrillation,0.7327,SORL1
rs4951258,0.0376,0.0067,2.10E-08,A,G,atrial fibrillation,0.4163,"NUCKS1,SLC41A1"
rs4963776,-0.0913,0.0088,1.84E-25,T,G,atrial fibrillation,0.1821,LINC00477
rs4965430,-0.0441,0.0069,1.26E-10,G,C,atrial fibrillation,0.6136,IGF1R
rs55734480,0.0548,0.0078,2.20E-12,A,G,atrial fibrillation,0.2494,DGKB
rs55985730,0.0867,0.0149,5.24E-09,G,T,atrial fibrillation,0.06,"OPN1SW,CALU"
rs56181519,-0.0662,0.0077,6.46E-18,T,C,atrial fibrillation,0.2684,WIPF1
rs56201652,-0.0531,0.0075,1.74E-12,A,G,atrial fibrillation,0.267,CDK6
rs60212594,-0.1176,0.0096,9.20E-35,C,G,atrial fibrillation,0.1438,"SYNPO2L,NUDT13,MYOZ1,AGAP5"
rs60902112,0.0445,0.0079,1.72E-08,T,C,atrial fibrillation,0.2262,XXYLT1
rs62521286,0.1202,0.0135,4.50E-19,G,A,atrial fibrillation,0.0663,FBXO32
rs6462079,0.0466,0.0076,8.79E-10,A,G,atrial fibrillation,0.7208,CREB5
rs6560886,0.051,0.009,1.49E-08,C,T,atrial fibrillation,0.7884,FBRSL1
rs6580277,0.067,0.0079,1.64E-17,G,A,atrial fibrillation,0.2369,NR3C1
rs6596717,-0.0404,0.0068,3.00E-09,A,C,atrial fibrillation,0.6049,LOC102467213
rs67249485,0.3655,0.0081,7.32E-443,T,A,atrial fibrillation,0.1991,PITX2
rs6747542,-0.0554,0.0067,1.10E-16,C,T,atrial fibrillation,0.4642,"GMCL1,ANXA4"
rs6771054,-0.0457,0.0068,2.42E-11,C,T,atrial fibrillation,0.4035,EPHA3
rs6790396,0.0627,0.0068,2.40E-20,G,C,atrial fibrillation,0.5959,"SCN10A,SCN5A"
rs67969609,0.0711,0.0126,1.71E-08,G,C,atrial fibrillation,0.071,TEX41
rs6829664,0.0556,0.0076,1.92E-13,G,A,atrial fibrillation,0.2616,CAMK2D
rs6891790,-0.0729,0.0076,4.53E-22,T,G,atrial fibrillation,0.2828,NKX2-5
rs6994744,0.0405,0.0066,1.09E-09,C,A,atrial fibrillation,0.4954,PTK2
rs7096385,-0.0707,0.013,4.87E-08,C,T,atrial fibrillation,0.9078,"SIRT1,MYPN"
rs71454237,-0.062,0.0084,1.78E-13,A,G,atrial fibrillation,0.209,LRRC10
rs7170477,0.0393,0.0072,4.98E-08,A,G,atrial fibrillation,0.3041,HERC1
rs7225165,-0.0655,0.0111,3.20E-09,A,G,atrial fibrillation,0.1133,"YWHAE,CRK,MYO1C"
rs72700114,0.2021,0.013,3.29E-54,C,G,atrial fibrillation,0.0756,LINC01142
rs72811294,-0.072,0.0106,9.67E-12,C,G,atrial fibrillation,0.1131,MYOCD
rs72926475,-0.0683,0.0102,2.37E-11,A,G,atrial fibrillation,0.1228,REEP1
rs73041705,-0.0443,0.0073,1.55E-09,C,T,atrial fibrillation,0.2985,THRB
rs73241997,0.0733,0.0093,2.94E-15,T,C,atrial fibrillation,0.1424,CFL2
rs73366713,-0.1035,0.0099,1.53E-25,A,G,atrial fibrillation,0.1396,ATXN1
rs74022964,0.1132,0.009,3.51E-36,T,C,atrial fibrillation,0.157,HCN4
rs74884082,-0.0493,0.0078,3.48E-10,T,C,atrial fibrillation,0.2495,DPF3
rs7508,0.0711,0.0075,1.69E-21,A,G,atrial fibrillation,0.7109,ASAH1
rs7529220,0.0621,0.0098,1.98E-10,C,T,atrial fibrillation,0.8469,HSPG2
rs7578393,0.0614,0.0088,2.42E-12,T,C,atrial fibrillation,0.796,KIF3C
rs76097649,0.1151,0.0124,1.26E-20,A,G,atrial fibrillation,0.0933,KCNJ5
rs7612445,0.0493,0.0084,4.81E-09,T,G,atrial fibrillation,0.1879,GNB4
rs7650482,0.0711,0.007,1.79E-24,G,A,atrial fibrillation,0.6401,CAND2
rs7789146,-0.0584,0.0087,2.12E-11,A,G,atrial fibrillation,0.1787,KCNH2
rs7834729,-0.0653,0.0104,3.55E-10,T,G,atrial fibrillation,0.1151,XPO7
rs79187193,-0.1162,0.0153,3.15E-14,A,G,atrial fibrillation,0.0569,GJA5
rs8088085,-0.0365,0.0067,4.79E-08,C,A,atrial fibrillation,0.4646,MEX3C
rs883079,0.0981,0.0074,2.84E-40,T,C,atrial fibrillation,0.7074,TBX5
rs9506925,0.0449,0.0075,2.72E-09,T,C,atrial fibrillation,0.2669,"LINC00540,LINC00621,SGCG"
rs9899183,0.0452,0.0075,2.02E-09,T,C,atrial fibrillation,0.7138,"TNFSF12,TNFSF12-TNFSF13,SOX15,FXR2"
rs9953366,0.049,0.0073,1.82E-11,C,T,atrial fibrillation,0.6631,SMAD7